bin_lower_cm,bin_upper_cm,pair,true,hapibd,ratio
1.0,1.5,a-a,4183,3373,0.8063590724360507
1.5,2.0,a-a,1347,1234,0.9161098737936154
2.0,2.5,a-a,658,589,0.8951367781155015
2.5,3.0,a-a,296,256,0.8648648648648649
3.0,3.5,a-a,175,177,1.0114285714285713
3.5,4.0,a-a,99,95,0.9595959595959596
4.0,4.5,a-a,56,55,0.9821428571428571
4.5,5.0,a-a,47,43,0.9148936170212766
5.0,5.5,a-a,28,28,1.0
5.5,6.0,a-a,17,18,1.0588235294117647
6.0,6.5,a-a,13,13,1.0
6.5,7.0,a-a,15,15,1.0
7.0,7.5,a-a,9,9,1.0
7.5,8.0,a-a,11,11,1.0
8.0,8.5,a-a,10,10,1.0
8.5,9.0,a-a,6,6,1.0
9.0,9.5,a-a,7,6,0.8571428571428571
9.5,10.0,a-a,6,7,1.1666666666666667
10.0,12.0,a-a,9,9,1.0
12.0,15.0,a-a,12,12,1.0
15.0,20.0,a-a,12,12,1.0
20.0,25.0,a-a,8,8,1.0
1.0,1.5,a-b,5232,3892,0.7438837920489296
1.5,2.0,a-b,1390,1079,0.7762589928057554
2.0,2.5,a-b,509,375,0.7367387033398821
2.5,3.0,a-b,233,187,0.8025751072961373
3.0,3.5,a-b,75,57,0.76
3.5,4.0,a-b,45,42,0.9333333333333333
4.0,4.5,a-b,15,13,0.8666666666666667
4.5,5.0,a-b,14,6,0.42857142857142855
5.0,5.5,a-b,3,3,1.0
5.5,6.0,a-b,2,2,1.0
6.0,6.5,a-b,1,1,1.0
6.5,7.0,a-b,0,0,
7.0,7.5,a-b,0,0,
7.5,8.0,a-b,0,0,
8.0,8.5,a-b,0,0,
8.5,9.0,a-b,0,0,
9.0,9.5,a-b,0,0,
9.5,10.0,a-b,0,0,
10.0,12.0,a-b,0,0,
12.0,15.0,a-b,0,0,
15.0,20.0,a-b,0,0,
20.0,25.0,a-b,0,0,
1.0,1.5,a-c,39,3,0.07692307692307693
1.5,2.0,a-c,1,0,0.0
2.0,2.5,a-c,0,0,
2.5,3.0,a-c,0,0,
3.0,3.5,a-c,0,0,
3.5,4.0,a-c,0,0,
4.0,4.5,a-c,0,0,
4.5,5.0,a-c,0,0,
5.0,5.5,a-c,0,0,
5.5,6.0,a-c,0,0,
6.0,6.5,a-c,0,0,
6.5,7.0,a-c,0,0,
7.0,7.5,a-c,0,0,
7.5,8.0,a-c,0,0,
8.0,8.5,a-c,0,0,
8.5,9.0,a-c,0,0,
9.0,9.5,a-c,0,0,
9.5,10.0,a-c,0,0,
10.0,12.0,a-c,0,0,
12.0,15.0,a-c,0,0,
15.0,20.0,a-c,0,0,
20.0,25.0,a-c,0,0,
1.0,1.5,a-d,42,2,0.047619047619047616
1.5,2.0,a-d,2,0,0.0
2.0,2.5,a-d,0,0,
2.5,3.0,a-d,0,0,
3.0,3.5,a-d,0,0,
3.5,4.0,a-d,0,0,
4.0,4.5,a-d,0,0,
4.5,5.0,a-d,0,0,
5.0,5.5,a-d,0,0,
5.5,6.0,a-d,0,0,
6.0,6.5,a-d,0,0,
6.5,7.0,a-d,0,0,
7.0,7.5,a-d,0,0,
7.5,8.0,a-d,0,0,
8.0,8.5,a-d,0,0,
8.5,9.0,a-d,0,0,
9.0,9.5,a-d,0,0,
9.5,10.0,a-d,0,0,
10.0,12.0,a-d,0,0,
12.0,15.0,a-d,0,0,
15.0,20.0,a-d,0,0,
20.0,25.0,a-d,0,0,
1.0,1.5,b-b,2814,2181,0.7750533049040512
1.5,2.0,b-b,1097,917,0.8359161349134002
2.0,2.5,b-b,624,510,0.8173076923076923
2.5,3.0,b-b,338,304,0.8994082840236687
3.0,3.5,b-b,197,184,0.934010152284264
3.5,4.0,b-b,146,137,0.9383561643835616
4.0,4.5,b-b,108,104,0.9629629629629629
4.5,5.0,b-b,97,102,1.0515463917525774
5.0,5.5,b-b,74,76,1.027027027027027
5.5,6.0,b-b,59,55,0.9322033898305084
6.0,6.5,b-b,51,50,0.9803921568627451
6.5,7.0,b-b,48,41,0.8541666666666666
7.0,7.5,b-b,37,42,1.135135135135135
7.5,8.0,b-b,31,33,1.064516129032258
8.0,8.5,b-b,30,31,1.0333333333333334
8.5,9.0,b-b,20,20,1.0
9.0,9.5,b-b,22,22,1.0
9.5,10.0,b-b,17,15,0.8823529411764706
10.0,12.0,b-b,55,55,1.0
12.0,15.0,b-b,39,39,1.0
15.0,20.0,b-b,41,40,0.975609756097561
20.0,25.0,b-b,52,53,1.0192307692307692
1.0,1.5,b-c,1704,1193,0.7001173708920188
1.5,2.0,b-c,333,210,0.6306306306306306
2.0,2.5,b-c,85,64,0.7529411764705882
2.5,3.0,b-c,33,20,0.6060606060606061
3.0,3.5,b-c,8,3,0.375
3.5,4.0,b-c,2,4,2.0
4.0,4.5,b-c,2,0,0.0
4.5,5.0,b-c,0,0,
5.0,5.5,b-c,0,0,
5.5,6.0,b-c,0,0,
6.0,6.5,b-c,0,0,
6.5,7.0,b-c,0,0,
7.0,7.5,b-c,0,0,
7.5,8.0,b-c,0,0,
8.0,8.5,b-c,0,0,
8.5,9.0,b-c,0,0,
9.0,9.5,b-c,0,0,
9.5,10.0,b-c,0,0,
10.0,12.0,b-c,0,0,
12.0,15.0,b-c,0,0,
15.0,20.0,b-c,0,0,
20.0,25.0,b-c,0,0,
1.0,1.5,b-d,304,97,0.3190789473684211
1.5,2.0,b-d,26,8,0.3076923076923077
2.0,2.5,b-d,5,1,0.2
2.5,3.0,b-d,1,0,0.0
3.0,3.5,b-d,0,0,
3.5,4.0,b-d,0,0,
4.0,4.5,b-d,0,0,
4.5,5.0,b-d,0,0,
5.0,5.5,b-d,0,0,
5.5,6.0,b-d,0,0,
6.0,6.5,b-d,0,0,
6.5,7.0,b-d,0,0,
7.0,7.5,b-d,0,0,
7.5,8.0,b-d,0,0,
8.0,8.5,b-d,0,0,
8.5,9.0,b-d,0,0,
9.0,9.5,b-d,0,0,
9.5,10.0,b-d,0,0,
10.0,12.0,b-d,0,0,
12.0,15.0,b-d,0,0,
15.0,20.0,b-d,0,0,
20.0,25.0,b-d,0,0,
1.0,1.5,c-c,4767,3871,0.8120411160058737
1.5,2.0,c-c,1576,1373,0.8711928934010152
2.0,2.5,c-c,677,609,0.8995568685376661
2.5,3.0,c-c,376,350,0.9308510638297872
3.0,3.5,c-c,247,239,0.9676113360323887
3.5,4.0,c-c,147,145,0.9863945578231292
4.0,4.5,c-c,118,105,0.8898305084745762
4.5,5.0,c-c,77,71,0.922077922077922
5.0,5.5,c-c,67,66,0.9850746268656716
5.5,6.0,c-c,59,62,1.0508474576271187
6.0,6.5,c-c,35,33,0.9428571428571428
6.5,7.0,c-c,18,19,1.0555555555555556
7.0,7.5,c-c,16,16,1.0
7.5,8.0,c-c,20,19,0.95
8.0,8.5,c-c,10,12,1.2
8.5,9.0,c-c,12,11,0.9166666666666666
9.0,9.5,c-c,8,9,1.125
9.5,10.0,c-c,11,10,0.9090909090909091
10.0,12.0,c-c,23,24,1.0434782608695652
12.0,15.0,c-c,25,25,1.0
15.0,20.0,c-c,14,14,1.0
20.0,25.0,c-c,26,26,1.0
1.0,1.5,c-d,1021,360,0.3525954946131244
1.5,2.0,c-d,82,18,0.21951219512195122
2.0,2.5,c-d,7,1,0.14285714285714285
2.5,3.0,c-d,0,0,
3.0,3.5,c-d,0,0,
3.5,4.0,c-d,0,0,
4.0,4.5,c-d,0,0,
4.5,5.0,c-d,0,0,
5.0,5.5,c-d,0,0,
5.5,6.0,c-d,0,0,
6.0,6.5,c-d,0,0,
6.5,7.0,c-d,0,0,
7.0,7.5,c-d,0,0,
7.5,8.0,c-d,0,0,
8.0,8.5,c-d,0,0,
8.5,9.0,c-d,0,0,
9.0,9.5,c-d,0,0,
9.5,10.0,c-d,0,0,
10.0,12.0,c-d,0,0,
12.0,15.0,c-d,0,0,
15.0,20.0,c-d,0,0,
20.0,25.0,c-d,0,0,
1.0,1.5,d-d,6136,5024,0.81877444589309
1.5,2.0,d-d,2353,1847,0.7849553761155971
2.0,2.5,d-d,1141,989,0.866783523225241
2.5,3.0,d-d,649,568,0.8751926040061633
3.0,3.5,d-d,331,319,0.9637462235649547
3.5,4.0,d-d,231,218,0.9437229437229437
4.0,4.5,d-d,179,171,0.9553072625698324
4.5,5.0,d-d,112,109,0.9732142857142857
5.0,5.5,d-d,85,87,1.0235294117647058
5.5,6.0,d-d,61,54,0.8852459016393442
6.0,6.5,d-d,51,53,1.0392156862745099
6.5,7.0,d-d,35,38,1.0857142857142856
7.0,7.5,d-d,33,32,0.9696969696969697
7.5,8.0,d-d,28,29,1.0357142857142858
8.0,8.5,d-d,24,23,0.9583333333333334
8.5,9.0,d-d,15,18,1.2
9.0,9.5,d-d,11,11,1.0
9.5,10.0,d-d,11,10,0.9090909090909091
10.0,12.0,d-d,29,29,1.0
12.0,15.0,d-d,29,29,1.0
15.0,20.0,d-d,22,22,1.0
20.0,25.0,d-d,23,23,1.0
